คำ,POS,ความหมาย
ยก 0,น.,"มาตราวัดไม้ คือ หน้ากว้าง ๑ ศอก ยาว ๑๖ วา เป็น ๑ ยก ตามอัตราไม้นิ้ว, ระยะเวลาหนึ่ง ๆ เช่น มวยยกหนึ่ง ชนไก่ยหหนึ่ง"
ยก 1,น.,"เรียกตัวพิมพ์ที่เรียงเข้าหน้าแล้วว่าเป็นยกโดยกำหนด ๔ หน้า เป็ฯ ๑ ยกบ้าง, ๘ หน้า เป็น ๑ ยกบ้าง, ๑๖ หน้า เป็น ๑ ยก บ้าง, ๓๒ หน้า เป็น ๑ ยกบ้าง"
ยก 2,น.,ผ้าที่ทอโดยวิธียกดอกให้เป็นลาย
ยก 3,ก.,"เอาขึ้นให้สูงพ้นที่เดิม, เคลื่อนไป, พากันไป, งดเว้น, เพิกถอน, มอบ-ให้, อ้าง"
ยกกระบัตร 0,น.,"ตำแหน่งข้าราชการสมัยโบราณ ตำแหน่งหนึ่งน ๔ ตำแหน่ง คือ ๑. ผู้ว่าราชการเมือง ๒. ปลัดเมือง ๓. ยกกระบัตรเมือง ๔. ผู้ช่วยราชการเมือง ตำแหน่งทั้ง ๔ นี้ ปรับปรุงมาจากคณะอาญา ๔ คือ เจ้าเมือง, อุปฮาด, ราชวงศ์, ราชบุตร, ยกกระบัตรเมืองเทียบได้กับอัยการจังหวัดขณะนี้"
ยกครู 0,ก.,ขึ้นครู
ยกคาย 0,ก.,ทำพิธีบูชาครู หรือไหว้ครู
ยกแค้น 0,ว.,อัตคัดขัดสน
ยกตนข่มเพิ่น 0,ก.,ยกตนข่มท่าน
ยกตัวอย่าง 0,ก.,อ้างตัวอย่าง
ยกทรง 0,น.,เสื้อชั้นในของสตรี
ยกทัพ 0,ก.,เคลื่อนทัพ
ยกโทษ 0,ก.,"งดเว้นโทษ, เพิกถอนโทษ"
ยกนัง 0,น.,ตับ (ป.)
ยกภาษี 0,ก.,งดเว้นภาษี
ยกยอ 0,ก.,พูดส่งเสริม ให้ดีขึ้น
ยกย้อง 0,ก.,"ยกย่อง, เชิดชู"
ยกยอด 0,ก.,โอนจำนวนเงินจากหน้าหนึ่งไปไว้อีกหน้าหนึ่ง
ยกเลิก 0,ก.,"เพิกถอน, ไม่ใช้"
ยกเว้น 0,ก.,"ไม่เกี่ยวด้วย, กันเอาออก"
ยกเว้น 1,บุ.,"นอกจาก, เว้น, แต่, เว้นเสียแต่"
ยกไว้ 0,ก.,"งดไว้, พักไว้, หยุดไว้"
ยกให้ 0,ก.,"มอบให้ เช่น ยกลูกสาวให้, ยกสมบัติให้"
ย้ง 0,ว.,"เขียวสด, เขียวอ่อน, เช่น แก้วมรกตเขียวย้ง"
ยง 0,ก.,"ทำสิ่งที่รวมกันอยู่เป็นกอง หรือเป็นกลุ่มให้ขยายตัวสูงขึ้น เช่น ยงเข้า, ยงล้อฝ้าย = หย่งปุยฝ้าย"
ยง 1,ว.,"ฟูงาม, ผุดผ่อง, เช่น ปุยยงยียาบ"
ยง 2,ว.,"มั่นคง, ยึด, ยาว"
ยงดิน 0,ก.,"ทำสิ่งที่รวมกันอยู่เป็นกอง หรือเป็นกลุ่มให้ขยายตัวสูงขึ้น เช่น ยงเข้า, ยงล้อฝ้าย = หย่งปุยฝ้าย"
ยงโย่ 0,ว.,อาการยืนโก้งโค้ง เอามือทั้งสองห้อยลงข้างหน้าจนเกือบถึง หรือถึงพื้น
ยชนะ 0,น.,"พิธีกรรมบูชาเทวดา โดยสวดมนต์ และถวายเครื่องเซ่นสังเวย (ป.,ส.)"
ยชุรเวท 0,น.,ชื่อคัมภีร์ที่ ๓ ของพระเวท เป็นคัมภีร์ว่าด้วยพิธีกรรมของพราหมณ์
ยถากรรม 0,ว.,"ตามกรรม, ตามบุญตามกรรม, ตามแต่จะเป็นไป"
ยนต์ 0,น.,"เครื่องกลไก, เครื่องจักรที่ให้กำเนิดพลังงาน หรือทำให้วัตถุเคลื่อนที่ (ป.,ส.)"
ยนตร์ 0,น.,"เครื่องกลไก, เครื่องจักรที่ให้กำเนิดพลังงาน หรือทำให้วัตถุเคลื่อนที่ (ป.,ส.)"
ยม 0,น.,"น้ำตา, เช่น ยมย้อย = น้ำตาไหล"
ยม 1,น.,ชื่อไม้ต้นมี ๒ ชนิด คือ ยมบ้าน = มะยม และยมผา หรือยมป่า
ยม 2,น.,"พญายม, เทพผู้เป็นใหญ่ประจำโลกของคนตาย (นรก)"
ยมก 0,น.,"คู่, แฝด, สองชั้น, เรียกเเครื่องหมายรูปอย่างนี้ ""ๆ"" ว่าไม้ยมก สำหรับอ่านซ้ำข้อความ หรือซ้ำคำข้างท้าย ๒ หน (ชั้นเดิมเครื่องหมายนี้ใช้เลข ๒)"
ยมกปฎิหารย์ 0,น.,ปาฎิหาริย์ที่แสดงเป็นคู่ ๆ ซึ่งพระพุทธเจ้าทรงแสดงที่ต้นมะม่วงชื่อ คัณฑามพฤกษ์ โดยทรงบันดาลให้มีสิ่งพุ่งออกจากพระวรกายเป็ฯคู่ ๆ เช่น ท่อน้ำคู่กับท่อไฟ
ยมขันธ์ 0,น.,ชื่อยาที่เป็ฯอัปมงคล
ยมทัณฑ์ 0,น.,ไม้อาญาสิทธิ์ของพญายม
ยมทูต 0,น.,ทูตของพญายม ซึ่งทำหน้าที่นำคนตายไปยังบัลลังก์พญายมเพื่อรอคำตัดสิน
ยมนา 0,น.,"ชื่อแม่น้ำใหญ่ในประเทศอินเดีย, โดยปริยาย หมายถึงแม่น้ำทั่วไป"
ยมบาล 0,น.,"ผู้รักษานรก, ผู้ทำโทษสัตว์นรกตามคำสั่งของพญายม"
ยมพบาล 0,น.,"ผู้รักษานรก, ผู้ทำโทษสัตว์นรกตามคำสั่งของพญายม"
ยมภิบาล 0,น.,"ผู้รักษานรก, ผู้ทำโทษสัตว์นรกตามคำสั่งของพญายม"
ยมราช 0,น.,พญายม
ยมโลก 0,น.,โลกของคนตาย (นรก)
ยล 0,ก.,"มองดู, แลดู"
ยวก 0,ก.,"กระเซ้าเย้าแหย่ เช่น ""มึงช่างมายวกเว้าพอให้อยากหัว"""
ยวก 1,ก.,"ผลัก, ดัน, เขย่า เช่น ยวกน้ำใส่กัน"
ยวง 0,น.,เนื้อในของขนุน
ยวง 1,น.,"จุก, ปุย"
ยวง 2,น.,หนูชนิดหนึ่ง ตัวเล็กมาก ขาสั้น มีนิ้วตีนข้างละ ๕ นิ้ว หางยาว ขนนุ่มสั้น ใบหูเล็ก จมูกยื่นเป็นวงยาวออกมาเห็นได้ชัด ตาหยีเล็ก = หนูผี
ยวง 3,ก.,"นำ, พา, เช่น ยวงไพร่"
ยวง 4,ก.,ส่อง เช่น ยวงไต้
ยวง 5,ก.,"ส่ง, ฝาก เช่น ยวงคำเถิง = ส่งคำพูดไปถึง, ส่งสาร"
ยวง 6,ว.,"ขาวใส, ขาวเป็นมัน, เช่น งามยิ่งย้อย คือคู่เงินยวง"
ยวง 7,ว.,ยาวยื่นออก เช่น ขี้มูกย้อยเป็นยวง
ยวงฝ้าย 0,น.,ปุยฝ้าย
ยวด 0,น.,หินชะโงก หรือหน้าผา
ยวด 1,ว.,"ยอด, ยิ่ง, ที่สุด"
ยวด ๆ 0,ว.,"เป็นจำนวนมาก เช่น ยวด ๆ ย้าย ๆ , ยุบยับ เช่น หนอนไตยวด ๆ"
ยวดยาน 0,น.,"เครื่องขับขี่, ยานพาหนะ"
ยวดยิ่ง 0,ว.,"เก่งที่สุด, ยอดเยี่ยม"
ยวน 0,น.,ชื่อชนชาติกรีก โดยเฉพาะกรีกที่อาศัยอยู่ภาคตะวันตกเฉียงเหนือของอินเดีย
ยวน 1,น.,ชาวไทยภาคพายัพ
ยวน 2,น.,ชื่อกล้วยชนิดหนึ่ง ผลใหญ่ และใบดก
ยวบ 0,ว.,อาการที่ไหวและยุบลง เช่น ชานยวบลง
ยวบ ๆ 0,ว.,อาการเคลื่อนไหวขึ้นลงตามแนวนอน เช่น สะพานอ่อนยวบ ๆ
ยวบย้วย 0,ว.,ลักษณะอาการพูดที่มีชั้นเชิงอุปมาอุปมัยด้วยคติสอนใจลึกซึ้ง
ยวบยาบ 0,ว.,อาการไหวช้า ๆ
ย้วย 0,ว.,"แข้น, ข้น เช่น น้ำอ้อยย้วย = น้ำอ้อย แข้น"
ย้วย ๆ 0,ว.,"อาการไหล หรือยืดออกช้า ๆ เช่น ขี้มูกไหลย้วย ๆ ออก, อาการเคลื่อนไหว ช้า ๆ ของฝูงชนหรือฝูงสัตว์ เช่น นักเรียนย่างนำกันย้วย ๆ"
ยศ 0,น.,"ความยกย่องนับถือ, เกียรติคุณ"
ยศ 1,น.,เครื่องกำหนดหมายฐานะ หรือชั้นของบุคคล
ยโส 0,ว.,"อวดดี, จองหอง, หยิ่ง"
ย่อ 0,น.,เครื่องในชนิดใช้ย่อยอาหารของลัตว์จำพวกบดเอื้องคู่กับคันนา มักเรียกคู่กันว่า คันนาตาเชิง
ย่อ 1,ว.,"ยู่ยี่ เช่น คนหน้าย่อ = คนหน้ายู่ยี่, ไส้ย่อ เครื่องในของคนและสัตว์เป็นแผ่นบาง ๆ ยูยี่ = ผ้าขี้ริ้ว"
ย้อ 0,น.,คนไทยเผ่าหนึ่งอยู่ในอยู่ในท้องที่จังหวัดสกลนครและนครพนม เรียก ไทย้อ
ยอ 0,น.,"ชื่อไม้ต้น มี ๓ ชนิด คือ ยอดง เป็นพุ่มเตี้ย ๆ เกิดอยู่ตามดง กินไม่ได้, ยอบ้าน เป็นยอชนิดที่ปลูกไว้ตามบ้าน แก่นและรากใช้ย้อมผ้า ผลและใบกินได้, ยอป่า หรือยอโคก เป็ฯยอที่เกิดขึ้นตามป่า, แก่นและรากใช้ย้อมผ้า ผลและใบกินไม่ได้"
ยอ 1,*ก.,"กล่าวเชิดชู, พูดให้ชอบใจ, ยก เช่น ยกมือไหว้"
ยอก 0,ก.,"ทิ่ม, กระแทก, ใช้ท่อนไม้หรือสิ่งอื่นทิ่มกระแทกลงไปในของเหลวคล้าย ๆ ตำหรือโขลก"
ยอก 1,ก.,"กระแทกขึ้นกระแทกลง, ทำแน่นแล้วรูดขึ้นรูดลง = กระทอก, ทิ่ม, ตำ, เช่น หนามยอกอก, รู้สึกเจ็บปวดอย่างมีอะไรทิ่มตำ เช่น นั่งคนหลายแอวมันยอก, เขย่า เช่น ยอกบั้งน้ำ = เขย่ากระบอกน้ำ, ทั้งทิ่มทั้งกวน เช่น ยอกบั้งตัง หมายถึงเอาไม้ทิ่มและกวนยางไม้ในกระบอกให้เหนียวเป็นตัง"
ยอก ๆ 0,ว.,ลักษณะวิ่งไปช้า ๆ ของคนหลังงอที่อ่อนเพลีย
ยอกย้อน 0,ก.,"กลับไปกลับมา, ไม่ตรงไปตรงมา, ซับซ้อน, ยุ่งยาก"
ยอง 0,น.,ปุยฝ้าย
ยอง 1,น.,ไก่ชนิดหนึ่ง ซึ่งมีขนงอหงิก ม้วนกลับและพองตามตัว
ย่อง 0,ก.,ขยี้
ย้อง 0,ก.,"ยกยอ, ยกย่องยอ, สรรเสริญ"
ยอง 2,น.,แมลงชนิดหนึ่ง เช่น ยุงยอง ยุงฮิบ ก็เรียก
ย่อง 1,ว.,อาการเบาโหวง ใช้ประกอบคำเบา เช่น เบาย่อง = เบาโหวง
ย้อง 1,ก.,"ยุ, ยั่ว, เช่น ย้องเด็กให้ตีกัน"
ยอง 3,น.,อีเก้ง หรือ ฟานชนิดหนึ่ง
ย้อง 2,ก.,"แต่งตัว, ประดับ เช่น นางบ่ย้อง ก็หากค่องคือสาว"
ยอง 4,น.,"จุก, ปุย, เช่น ยองฝ้าย = ปุยฝ้าย"
ย้อง 3,ว.,"งาม, สวย"
ย่อง ๆ 0,ว.,อาการไปไกลด้วยความสะดวกสบาย เช่น ย่อง ๆ เข้าเขาคำยามย่ำ
ย้องยอ 0,ก.,"ยกย่อง, สรรเสริญ, ยอ"
ยองยี 0,ก.,"ขยี้, ทำให้หลุดจากขั้ว, เช่น ยีเข้า = เอาเท้าขยี้ฟ่อนข้าวให้เมล็ดหลุดออกจากขั้ว"
ย่องยี 0,ก.,"ขยี้ให้แหลก, ให้ยู่ยี่ (ดู ยี)"
ยอด 0,น.,"ส่วนสูงสุด, ส่วนเหนือสุด, ส่วนปลายสุด, จำนวนรวม, ต้นน้ำ เช่น ยอดมูล = ต้นแม่น้ำมูล"
ยอดแก้ว 0,น.,ตำแหน่งพระสังฆราชแห่งประเทศลาว
ยอดมุข 0,น.,ชื่อการสวดอภิธรรมคัมภีร์ยมกปกรณ์ในพิธีศพ
ยอดยิ่ง 0,ว.,ยอดเยี่ยม
ย้อน 0,สัน.,"เพราะ, เหตุ, เนื่องจาก, เช่น ใหญ่ย้อนกินเข้าเถ้าย้อนเกิดหลายปี, พอช่วยเหลือได้ เช่น เฮ็ดเวียดพอได้ย้อน"
ยอน 0,น.,ปลาน้ำจืด มีหลายชนิด รูปร่างคล้ายปลาแขยง ครีบมีสีม่วง = ปลาสังกะวาด
ยอน 1,น.,"ส่วนย่อย, รายย่อย"
ยอบ 0,ก.,"ทรุดลง, ยุบลง, ฟุบลง ใช้แก่ของเล็ก, ถ้าเป็นของใหญ่ว่า โยบ"
ยอม 0,ก.,"เห็นด้วย, ไม่ขัด, ตกลง, ปลงใจ, ไม่สู้"
ย้อม 0,ก.,"ชุบด้วยสี, อาบด้วยสี"
ย่อม 0,ก.,"เป็นคำช่วยกริยาแสดงว่าเป็นไปตามปกติ เช่น มีได้ย่อมมีเสีย, มีเฮือย่อมมีพาย"
ย่อม 1,ว.,"ค่อนข้างเล็ก, น้อย, เบาบาง, เช่น มื้อนี้คนมาย่อม = วันนี้คนมาน้อย, ขาดอยู่, หย่อนอยู่ เช่น สองบาทหย่อนสลึง = สองบาทหย่อนอยู่ ๑ สลึง หมายถึง มีเงินอยู่ ๑.๗๕ บาท ยังขาดอยู่ ๑ สลึง"
ย้อมใจ 0,ก.,"ชุบใจ, ปลุกใจ, ทำให้ชุ่มชื่น"
ยอมให้ 0,ก.,"ผ่อนผันให้, ยกให้ เช่น ยอมให้เฮ็ดได้"
ยอย 0,น.,"สิ่งที่เป็นเส้น เป็นพู่ หรือเป็นแผ่นห้อยย้อยลงมา เช่น ยอยไฮ = รากไทรย้อย, ระย้า เช่น กระจอนยอย"
ย่อย 0,ว.,"เล็ก ๆ น้อย ๆ เช่น ผญาย่อย, เป็นผง, ละเอียด, เช่น เข้าสัตตุย่อย"
ย้อย 0,ก.,"ไหลเป็นทางยืดลงมา, หยาดลง, หยดลง, เช่น ขี้มูกย้อย"
ยอแสง 0,ว.,"อ่อนแสงลง, มีแสงอ่อนลง"
ยะ 0,ก.,"ถ่างออก, ง้างออก"
ยะ 1,ก.,"ถ่างออก, แยกออก, เผยออก"
ยะยง 0,ว.,"นวลงาม, ผุดผ่อง, เช่น สีส่องหน้ายะยง"
ยะยับ 0,ว.,"เป็นเงางาม, มีแสงแวบ ๆ"
ยะเยือก 0,ก.,"ไหวยวบ, เช่น ยะเยือกค้อมตามลม"
ยะหว่าง 0,ก.,"แยก, เปิดช่องออก"
ยัก 0,ก.,"ผูก, รัด เช่น เอาเชือกยักคอ"
ยัก 1,ก.,"ผูกเป็นปม, ผูกขอดไว้, เช่น ยักปลายเชือก"
ยัก 2,ก.,กระตุกเบา ๆ อย่างปลาตัวเล็กกระตุกเบ็ดขณะกินเหยื่อ
ยัก ๆ 0,ว.,"เร่า, ขะยิก ๆ , เขยก ๆ"
ยักข์ 0,น.,ยักษ์ (ป.)
ยักขินี 0,น.,นางยักษ์ (ป.)
ยักขีนี 0,น.,นางยักษ์ (ป.)
ยักโข 0,น.,ยักษ์ (ป.)
ยักโขโน 0,น.,ยักษ์ (ป.)
ยักเม่า 0,ก.,เอาเชือกผูกรัดปากม้า
ยักยอก 0,ก.,เอาทรัพย์ของคนอื่นที่อยู่ในความอารักขาของตนไปโดยทุจริต
ยักยั่น 0,ว.,อาการเคลื่อนไปโดยเร็ว
ยักยัน ๆ 0,ว.,อาการยักแย่ยักยัน
ยักย้าย 0,ก.,"เปลี่ยนที่เสีย, นำไปไว้เสียที่อื่น"
ยักษ์ 0,น.,อมนุษย์พวกหนึ่ง เชื่อกันว่ามีรูปร่างใหญ่โตน่ากลัวมีเขี้ยวงอกโค้ง ใจดำอำมหิต ชอบกินมนุษย์และสัตว์มีฤทธิ์เหาะได้ จำแลงตัวได้
ยักษิณี 0,น.,นางยักษ์
ยักษี 0,น.,(กลอน) ยักษ์
ยั่ง 0,ว.,"ตลอด, สิ้นทั้ง (เกี่ยวกับเวลา) เช่น ฝนตกยั่งมื้อ, เทียวขี้ยั่งคืน"
ยัง 0,ก.,"คงอยู่, มีอยู่, มีชีวิตอยู่"
ยัง 1,ว.,"ไม่สำเร็จ, ไม่ตลอด, เหลือ, ยังไม่"
ยัง 2,บุ.,ขาดอยู่ เช่น ๓ โมงยัง ๑๐ นาที หรือยัง ๑๐ นาทีจะเถิง ๓ โมง
ยัง 3,สัน.,"สู่, ถึง, ซึ่ง"
ยั่ง ๆ 0,ว.,ตามกันตลอดไป เช่น ยั่ง ๆ ย้ายกลายเข้าป่าเลา
ยั่งยืน 0,ก.,คงอยู่เป็นเวลานาน
ยั่งยืน 1,ก.,ยืนยงอยู่ตลอดไป
ยัชนะ 0,น.,"พิธีกรรมบูชาเทวดา โดยสวดมนต์ และถวายเครื่องเซ่นสังเวย (ป.,ส.)"
ยัญ 0,น.,"การเซ่น, การบูชา (พิธีพราหมณ์)"
ยัญกรรม 0,น.,การเซ่นสรวงบูชา
ยัญญะ 0,น.,"การเซ่น, การบูชา (พิธีพราหมณ์)"
ยัญพิธี 0,น.,พิธีเซ่นสรวงบูชา
ยัฏฐิ 0,น.,ไม้เท้า (ป.)
ยัด 0,น.,บรรจุ หรือใส่โดยอัดดันเข้าไปให้แน่น เช่น ยัดหมอน ยัดนุ่น
ยัด 1,ก.,ยัดเยียดให้ เช่น เอาเงินยัดใส่มือ
ยัด 2,ก.,กินอย่างตะกละ (คำไม่สุภาพ)
ยั่น 0,ก.,กด เช่น ยั่นหัวลง
ยันต์ 0,น.,รูปต่าง ๆ ที่เขียนลงบนแผ่นโลหะหรือผ้า เป็นต้น และลงอักขระ หรือเลขถือเป็นของขลัง
ยับ 0,ว.,"ไม่เรียบ, ยู่ยี่, ชอกช้ำ"
ยับ ๆ 0,ว.,"เป็นเงางาม, มีแสงแวบ ๆ"
ยับ ๆ 1,ว.,"อาการกระตุกถี่ ๆ, เคลื่อนไหวถี่ ๆ"
ยับ ๆ แยบ ๆ 0,ก.,"ซุบซิบ, จุบจิก เช่น กินยับ ๆ แยบ ๆ"
ยั้ว 0,ก.,เคลื่อนไปมาติดต่อกันเป็นกลุ่ม
ยัวยาน 0,น.,ยวดยาน
ยั้วยาน 0,น.,ยวดยาน
ยั้วเยี้ย 0,ก.,เคลื่อนไปมาติดต่อกันเป็นกลุ่ม
ยัวรยาตร 0,ก.,"(กลอน) ยุรยาตร, เดิน"
ยัวะ 0,น.,ตำแรง ๆ (ใช้แก่ของมาก) ถ้าตำเบา ๆ (ใช้แก่ของน้อย) ว่าเยาะ
ยัวะ 1,ก.,ยุ เช่น ยัวะให้คนตีกัน
ยัวะยาน 0,น.,"เครื่องขับขี่, ยานพาหนะ"
ยัวะเย้า 0,ก.,ยุงยง
ยา 0,ว.,"(กลอน) เป็นคำห้ามแทนคำ อย่า เช่น ""ยามเมื่อเมียพวมฟูน ผู้ผัวยาเตื้อง"""
ย่า 0,น.,"แม่ของพ่อ, ญาติผู้หญิงที่เป็นชั้นเดียวกันกับพ่อแม่ของพ่อ"
ยาก 0,น.,ความลำบาก
ยาก 1,ว.,"ลำบาก, ไม่สะดวก, ไม่ง่าย, จน"
ยากจน 0,ว.,"เข็ญใจ, ไร้ทรัพย์"
ยากนาน 0,ว.,ลำบากอยู่นาน
ยากเวียก 0,ว.,"ติดงาน, ยุ่งอยู่กับงาน"
ยากเอย็น 0,ว.,ลำบากมาก
ยากไฮ้ 0,ว.,ยากจนเพราะไร้ทรัพย์
ย่าง 0,ก.,"เดิน, ยกเท้าก้าวไป"
ยาง 0,น.,ชนชาติกระเหรี่ยง
ยาง 1,น.,ชื่อนกชนิดหนึ่ง ปากแหลม คอยาว ชอบหากินปลาตามแหล่งน้ำ เรียกว่า นกยาง
ยาง 2,น.,"ชื่อไม้ต้นขนาดใหญ่หลายชนิด เช่น ยางนา, ยางแดง"
ยางจืด 0,น.,พรรณไม้ชนิดหนึ่งคล้ายต้นนางแซง ใช้รากแก้พิษเบื่อเมาได้ดี
ย่างต้อย ๆ 0,ว.,"ช้า, เนิบ ๆ ใช้ประกอบกิริยาพูดกริยาเคี้ยวว่า เว้าต้วย ๆ = พูดเนิบ ๆ หย้ำด้วย ๆ = เคี้ยวช้า ๆ ย่างต้วย ๆ = เดินช้า ๆ"
ย่างยาย 0,ว.,ลักษณะของสิ่งที่แขวนไว้ หรือแขวนอยู่ไม่เป็นระเบียบเรียบร้อย = พะรุงพะรัง
ย่างย้าย 0,ก.,"ก้าวเดินไป, เคลื่อนย้ายไป"
ย่างสามขุม 0,น.,ท่าทางคนที่ัฟันดาบ หรือนักมวยเดินก้าวเป็นจังหวะยักเยื้องเป็นสามเส้าหรือสามท่า
ยาจก 0,น.,คนขอทาน
ยาจนะ 0,น.,"การขอ, การขอร้อง, การวิงวอน"
ยาจนา 0,น.,"การขอ, การขอร้อง, การวิงวอน"
ย่าจำสวน 0,น.,"คนเฒ่าเฝ้าสวนอ้อย เช่น ""ไอยกาเถ้าจำนวนทางท่า, เป็นช่วงใช้ พญาใหญ่มันทา"" (เต่า ดำ)"
ยาชกะ 0,น.,ผู้ทำพิธีบูชายัญ หรือบวงสรวงแทนผู้อื่น
ย่าซวด 0,น.,แม่ของปู่หรือของย่า
ยาด 0,ก.,"แบ่งเอามา, หยิบฉวยเอาต่อหนำต่อตา หรือจากมือ"
ยาด 1,ก.,"แย่ง, ชิง"
ยาด 2,ก.,"ฉวยเอาไปจากคนอื่นโดยพลการ, รีบฉวยหรือรีบทำเสียก่อน"
ยาดชิง 0,ก.,"แย่ง, ชิง"
ยาดแย่ง 0,ก.,"แย่ง, ชิง"
ยาดแย่ง 1,ก.,"ฉวยเอาไปจากคนอื่นโดยพลการ, รีบฉวยหรือรีบทำเสียก่อน"
ยาตร 0,ก.,"เดิน, เดินเป็นกระบวน"
ยาตรา 0,ก.,"เดิน, เดินเป็นกระบวน"
ย่าต้วด 0,น.,แม่ของปู่หรือของย่า
ย่าเถ้า 0,น.,ไม้ประดับชนิดหนึ่ง
ย่าทวด 0,น.,แม่ของปู่หรือของย่า
ย่าน 0,น.,ระยะทางตามกว้าง หรือตามยาวจากที่หนึ่งไปยังอีกที่หนึ่ง ระยะช่วง
ย้าน 0,ก.,รู้สึกหวาดสะดุ้งต่อภัย
ยาน 0,น.,"เครื่องนำไป, พาหนะชนิดหนึ่ง"
ยาน 1,ก.,"หย่อนยาน, ไม่เคร่งต่อระเบียบ"
ยาน 2,ว.,อาการหย่อนลง หรือห้อยลงกว่าปกติ เช่น นมยาน
ยานมาศ 0,น.,คานทอง สำหรับหามกษัตริย์เมื่อเสด็จไปในที่ต่าง ๆ
ย่านยาว 0,น.,ช่วงแม่น้ำหรือระยะทางที่ตรงยาว
ยานไฮ 0,น.,"ย่านไทร, ส่วนมากว่า ยอยไฮ"
ยานี 0,น.,"ชื่อกาพย์ชนิดหนึ่ง มี ๑๑ คำ จัดเป็ฯ ๒ วรรค วรรคต้น ๕ คำ วรรคหลัง ๖ คำ เป็นคำเรียกอินทรวิเชียรฉันท์ ภาษาบาลีที่มีตัวอย่างขึ้นต้นว่า ยานีธภูตานิสมาคตานิ"""
ยานุมาศ 0,น.,คานทอง สำหรับหามกษัตริย์เมื่อเสด็จไปในที่ต่าง ๆ
ยาบ 0,น.,ชื่อต้นไม้หลายชนิด
ยาบ 1,น.,ชื่อสัตว์ประเภทแย้ แต่ตัวโตกว่าแย้
ยาบ ๆ 0,น.,"อาการที่โบก หรือกระพือขึ้นลงช้า ๆ เช่น ธุงปลิวยาบ ๆ : อาการเคลื่อนไหวไปมาต่อเนื่องกันเป็นกลุ่ม เช่จน คนแห่กันมายาบ ๆ ; ยั้วเยี้ย เช่น มดไต่ยาบ ๆ ; อาการคันไปทั้งตัวเช่น คันตนคันตัวยาบ ๆ ; เป็นประกายแพรวพราว, ระยับ เช่น เหลื้อมยาบ ๆ"
ยาบยอ 0,ว.,ลักษณะอาการพูดที่มีชั้นเชิงอุปมาอุปมัยด้วยคติสอนใจลึกซึ้ง
ยาบแย้ 0,น.,ชื่อสัตว์ประเภทแย้ แต่ตัวโตกว่าแย้
ยาบส้วง 0,น.,หนังและเนื้อสีข้าง
ยาบส้วง 1,น.,คำพูดที่มีสำบัดสำนวน
ยาปนมัต 0,น.,อาหารที่พอจะให้ร่างกายดำรงอยู่ได้
ยาปนมัต 1,ว.,สักว่ายังชีวิตให้เป็นไป = พอเลี้ยงชีวิตอยู่ได้
ยาปนะ 0,น.,การยังชีวิตให้เป็นไป
ยาปุก 0,ว.,เมา เช่น ยาฉุน = ยาเส้นรสเมามาก
ยาม 0,น.,ส่วนหนึ่งของวัน ยามหนึ่งมี ๑ ชั่วโมง ๓๐ นาที กลางวัน ๘ ยาม กลางคืน ๘ ยาม เท่ากัน มีชื่อเรียกดังนี้ กลางวัน ๘ ยาม คือ ๑. ยามตรูดตั้ง (ตูดตั้ง) ๖.๐๐-๗.๓๐ น. ๒. ยามกลองงาย ๗.๐๐- ๙.๐๐ น. ๓. ยามแถใกล้เที่ยง ๙.๐๐ - ๑๐.๓๐ น. ๔. ยามเที่ยง ๑๐.๓๐ - ๑๒.๐๐ น. ๕.ยามตรูดซ้าย (ตูดซ้าย) ๑๒.๐๐ - ๑๓.๓๐ น. ๖. ยามกลองแลง ๑๓.๓๐ - ๑๕.๐๐ น. ๗. ยามแถใกล้ค่ำ ๑๕.๐๐ - ๑๖.๓๐ น. ๘. ยามพาทย์สันค่ำ๑๖.๓๐ - ๑๘.๐๐ น. กลางคืน ๘ ยาม คือ ๑. ยามตรูดตั้ง (ตูดตั้ง) ๑๘.๐๐ - ๑๙.๓๐ น. ๒. ยามเดิก ๑๙.๓๐ - ๒๑.๐๐ น. ๓. ยามแถใกล้เที่ยง ๒๑.๐๐ - ๒๒.๓๐ น. ๔. ยามเที่ยงคืน ๒๒.๓๐ - ๒๔.๐๐ น. ๕. ยามตรูดซ้าย ๒๔.๐๐ - ๐๑.๓๐ น. ๖. ยามเช้า ๐๑.๐๐ - ๐๓.๐๐ น. ๗. ยามแถใกล้ฮุ่ง ๐๓.๐๐ - ๐๔.๓๐ น. ๘. ยามพาทย์ลั่นฮุ่ง ๐๔.๐๐ - ๐๖.๐๐ น. ส่วนทางบาลีแบ่งเฉพาะกลางคืนเป็น ๓ ยาม ยามหนึ่งมี ๔ ชั่วโมง มีชื่อเรียกดังนี้ ๑. ปฐมยาม ๑๘.๐๐ - ๒๒.๐๐ น. ๒. มัชฌิมยาม ๒๒.๐๐ - ๐๒.๐๐ น. ๓. ปัจฉิมยาม ๐๒.๐๐ - ๐๖.๐๐ น.
ย่าม 0,น.,"เครื่องใช้สำหรับใส่สิ่งของเล็ก ๆ น้อย ๆ ทำด้วยผ้ามีหู หรือสายในตัวสำหรับสะพาย, ส่วนมากว่า ถงหรือถงย่าม"
ย้าม 0,ว.,อาการยิ้มร่าเริง เช่น หัวย้าม = ยิ้มร่า หรือหัวย้าม ๆ
ยาม 1,*น.,"คราว, เวลา, เช่น ยามเกี่ยวเข้า, ยามทุกข์, ยามฝน"
ย่าม 1,ว.,"หลวม, ไม่พอดี, ไม่กะทัดรัด, เช่น โส้งย่าม = กางเกงหลวม"
ย้าม 1,ว.,อาการไหลเยิ้มออกมาของเลือด หรือน้ำ เช่น เลือดไหลย้าม ถ้าจำนวนน้อยกว่า แย้ม ๆ
ยาม 2,น.,คนเฝ้าสถานที่ หรือระวังเหตุการณ์ตามกำหนดเวลา
ยามตองกล้วยเหลื้อง 0,น.,"เวลาสาง ๆ , เวลาที่แสงเงินแสงทองขึ้น"
ยามย่าง 0,ว.,มีลักษณะอยู่ไม่เป็นระเบียบเรียบร้อย หรือระเกะระกะ ใช้แก่ของที่แขวนหรือห้อยอยู่
ยามักการ 0,น.,"ชื่อเครื่องหมายบังคับให้อ่านพยัญชนะควรมีรูปดังนี้ "" "" ใช้ในการเขียนคำบาลีรุ่นเก่า เช่น เท (ทเว)"
ยามา 0,น.,สวรรค์ชั้นที่ ๓ เรีกยเทวดาในสวรรค์ชั้นนี้ว่า ยาม เทพบุตร
ยาย 0,น.,"แม่ของแม่, หญิงที่เป็นญาติชั้นเดียวกันกับแม่ของแม่, ส่วนมากเรียก นาย บางถิ่นเรยก แม่โซ้น, แม่ดู้, แม่ใหญ่"
ย่าย 0,ว.,อาการพังลงพร้อม ๆ กันของสิ่งที่กองรวมกันอยู่ เช่น อิฐพังย่าย ๆ
ย้าย 0,ก.,"เปลี่ยนที่, เคลื่อนที่ไป, เช่น ย้ายบ้าน, หัดเดิน (ใช่แก่เด็กเล็ก) เช่น เด็กน้อยกำลังย้าย"
ย่าย ๆ 0,ว.,อาการพังลงพร้อม ๆ กันของสิ่งที่กองรวมกันอยู่ เช่น อิฐพังย่าย ๆ
ยายทวด 0,น.,แม่ของตา หรือของยาย
ยายยัง 0,ว.,"กระจัดกระจาย, เรี่ยราด"
ย้ายย่าง 0,ก.,"ก้าวเดินไป, เคลื่อนย้ายไป"
ย้ายย่าง 1,ก.,ก้าวเดินไป
ย้ายเยื่อง 0,ก.,"ย่างเยื้อง, เยื้องยัก"
ยาลูกกอน 0,น.,ยาลูกกลอน
ยาว 0,ว.,"ไม่สั้น (ใช่ทั่วไป), นาน (ใช่แก่เวลา)"
ย่าว 0,ว.,"ลักษณะการเคลื่อนที่ไปหรือตกลง เช่น น้ำโตนต่าวย่าว ๆ = น้ำตกไหลพรั่ง ๆ , น้ำตาตกย่าว ๆ = น้ำตกพราก ; อาการส่งเสียงดังพร้อม ๆ กัน เช่น ลมพัดพร้าวดังย่าว ๆ ; เสียงหมากหิ่งดังย่าว ๆ"
ย้าว 0,ว.,"อาการไหลออก หรือไหลไปอย่างช้า ๆ เช่น น้ำไหลย้าว ๆ = น้ำไหลเอื่อย ๆ ; อาการลดลงช้า ๆ ของน้ำ เช่น น้ำบกลงย้าว ๆ , อาการดีขึ้นเรื่อย ๆ เช่น มีแฮงย้าว ๆ"
ย้าว 1,น.,ชนชาวเขาเผ่าหนึ่ง อยู่ในประเทศไทยตอนเหนือ
ย่าว 1,ว.,"อาการทอดจังหวะช้า ๆ อย่างตีกลองเส็ง (เมื่อใช้คู่กับชั้นซึ่งแปลเร็ว หรือถี่) เช่น ย่าวก่อนแล้วจั่งซั่น, เร่ง, รีบ, (เมื่อใช้เดี่ยว) เช่น ย่าวเข้า"
ย้าว ๆ 0,ว.,"อาการไหลออก หรือไหลไปอย่างช้า ๆ เช่น น้ำไหลย้าว ๆ = น้ำไหลเอื่อย ๆ ; อาการลดลงช้า ๆ ของน้ำ เช่น น้ำบกลงย้าว ๆ , อาการดีขึ้นเรื่อย ๆ เช่น มีแฮงย้าว ๆ"
ย่าว ๆ 0,ว.,"ลักษณะการเคลื่อนที่ไปหรือตกลง เช่น น้ำโตนต่าวย่าว ๆ = น้ำตกไหลพรั่ง ๆ , น้ำตาตกย่าว ๆ = น้ำตกพราก ; อาการส่งเสียงดังพร้อม ๆ กัน เช่น ลมพัดพร้าวดังย่าว ๆ ; เสียงหมากหิ่งดังย่าว ๆ"
ยาวกาลิก 0,น.,ของที่พระสงฆ์รับประเคนแล้ว เก็บไว้ฉันได้ ชั่วเช้าถึงเที่ยง เช่น ข้าวปลาอาหาร
ยาวชีวิก 0,น.,ของที่พระสงฆ์เก็บไว้ฉันได้ตลอดไป ไม่มีจำกัดกาล
ยาวฮี 0,ว.,ยาวเป็นรูปไข่
ย่าสังกะสี 0,น.,ผู้หญิงคนแรกของโลกตามความเชื่อของชาวอีสานคู่กับปู่สังกะสา
ย่าหม่อม 0,น.,ชื่อเทพธิดารุ่นดึกดำบรรพ์ ที่ทำหน้าที่รักษาเครื่องสมุนไพรตามความเชื่อของคนโบราณ
ย่าหม่อม 1,น.,ฟองอากาศ ชนิดหนึ่งคล้ายน้ำลาย ติดอยู่ตามกอหญ้าในเวลาเช้ามืด เรียกว่า น้ำลายหญ้าหม่อ
ย่ำ 0,ก.,"เหยียบหนัก ๆ ซ้ำ ๆ , ตีกลอง หรือฆ้องจังหวะถี่หลายครั้งเพื่อบอกเวลาเปลี่ยนยาม"
ยำ 0,น.,ชื่อกับข้าวอย่างหนึ่งที่ปรุงด้วยผักเป็นส่วนใหญ่ เคล้ากันหลาย ๆ อย่าง
ยำ 1,ก.,สับเร็ว ๆ ให้เป็นชิ้นเล็ก ๆ เช่น ยำหมากหุ่ง = สับมะละกอ
ยำ ๆ 0,ก.,"พึมพำ, งึมงำ, เช่น จ่มยำ ๆ = บ่นพึมพำ"
ยำย่าง 0,ว.,มีลักษณะอยู่ไม่เป็นระเบียบเรียบร้อย หรือระเกะระกะ ใช้แก่ของที่แขวนหรือห้อยอยู่
ย่ำยี 0,ก.,"เอาเท้าเหยียบขยี้ลงไป, โดยปริยายหมายถึง เบียดเบียน"
ย่ำไย 0,น.,ต้นลำไย
ย่ำฮอย 0,น.,วิธีจับปลาอย่างหนึ่ง โดยลงย่ำโคลนให้เป็นรอยไว้ แล้วใช้ไม้ตีน้ำ หรือกวนน้ำ เพื่อให้ปลาตกใจเข้าไปแอบซ่อนอยู่ในรอยเท้า แล้วงมจับเอาปลาที่ซ่อนอยู่นั้น
ยิก 0,ก.,"ยัก เช่น ยิกคิ้ว = ยักคิ้ว, ยิกไหล่ = ยักไหล่"
ยิก ๆ 0,ว.,"อาการไหวขึ้น ๆ ลง, ขยิก ๆ"
ยิง 0,ก.,"ปล่อยอาวุธ เช่น ลูกปืน หรือลูกธนู, ให้แล่นออกไปด้วยกำลังส่ง"
ยิ่ง 0,ว.,"เป็นยอด, ที่สุด, ล้ำ เช่น งามยิ่ง"
ยิ่งแข้ว 0,ก.,ยิงฟัน
ยิ่งแข้ว 1,ก.,เปิดปากให้เห็นฟัน = ยิงฟัน (ดู หยิ่งแข้ว)
ยิงบาดเดียวได้นกสองตัว 0,สำ.,ทำอย่างเดียวได้ผล ๒ อย่าง
ยิ่งยวด 0,ว.,"เก่งที่สุด, ยอดเยี่ยม"
ยิ่งย้อย 0,ว.,หยาดเยิ้ม เช่น งามยิ่งย้อยกว่า โลกโลกา
ยิ่งแย้ม 0,ว.,งามล้ำ
ยิฎฐะ 0,น.,"การบูชายัญ, การเซ่นสรวง"
ยิน 0,ก.,"รู้สึก, ได้ฟัง ส่วนมากว่า ได้ยิน"
ยินดี 0,ก.,"รู้สึกชอบใจ, รู้สึกดีใจ"
ยินยอม 0,ก.,"ยอมตาม, ตกลงตาม"
ยินสะออน 0,ก.,รู้สึกซาบซึ้ง
ยินฮ้าย 0,ก.,"ไม่พอใจ, ไม่ชอบใจ"
ยิบ ๆ 0,ว.,"อาการส่องแสงแวววับ, ระยิบระยับ, เช่น เห็นแสงยิบ ๆ ; อาการคันเล็ก ๆ น้อย ๆ ทั่วตัว คันยิก ๆ , ถ้าคันมากว่าคันยาบ ๆ (ดู ยาบ ๆ )"
ยิ้ม 0,ว.,อาการไหลซึมออก เช่น น้ำไหลยิ้ม ๆ
ยิ้ม 1,ก.,แสดงให้ปรากฏว่าชอบใจด้วยริมฝีปากและใบหน้า
ยิ้ม ๆ 0,ว.,อาการไหลซึมออก เช่น น้ำไหลยิ้ม ๆ
ยี 0,ก.,"ขยี้, ทำให้หลุดจากขั้ว, เช่น ยีเข้า = เอาเท้าขยี้ฟ่อนข้าวให้เมล็ดหลุดออกจากขั้ว"
ยี่ 0,*น.,ชื่อปีไทยเดิม = ปีขาล
ยี่ 1,น.,ชื่อเดือนที่ ๒ ถัดจากเดือนอ้าย
ยี่ 2,น.,สอง
ยี่เก 0,น.,ลิเก
ยี่โถ 0,น.,ชื่อไม้พุ่มหลายชนิด มีสีชมพู สีขาวและแดง
ยีบ 0,ก.,หลับไปชั่วขณะหนึ่ง
ยี่บา 0,น.,ไม้เถาชนิดหนึ่ง ใบคล้ายใบพลูเกาะตามต้นไม้อื่น ยิ่งสูงขึ้นใบยิ่งใหญ่
ยี่บา 1,น.,พืชชนิดหนึ่งคล้ายเฟิน
ยี่โป้ 0,น.,ผ้าขาวม้า
ยียน 0,ว.,"ใสงาม, แวววาว, เช่น ปีกแมลงทับเหลื้อมยียน"
ยีย่อง 0,ว.,"นวลงาม, ผุดผ่อง, เช่น เป็นใยยาวยีย่อง"
ยียั่ง 0,ว.,"แวววาว, วะวับ, เช่น แดงดียียั่ง, รัศมีเทียวยียั่ง"
ยียับ 0,ว.,"งามสดใส, ขจี, วาววับ, เช่น ทันทีเขียวก็เขียวดียียับ"
ยียาบ 0,ว.,"วะวับ, วาววับ, เช่น ปลิดปุยยงยียาย = ทำความสะอาดปุยฝ้ายจนขาวแวววับ, งามสะพรั่ง, เช่น ยียายพร้อมแพนคำ = วาววับด้วยโล่"
ยียืด 0,ว.,อาการเคลื่อนตามกันไปช้า ๆ
ยียุบยียาบ 0,ว.,ระยิบระยับ
ยีเยือก 0,ก.,สยอง
ยีเยือก 1,ว.,ซู่ เช่น หนังหัวพองยีเยือก
ยีเยือก 2,ว.,"ขลับ, ใสเป็นมัน, เช่น เหลื้อมยีเยือกมโนรม"
ยี่สิบ 0,ว.,"สิบล่องหน, ๑๐ x ๒ = ๒๐, ส่วนมากว่า ซาว เช่น อายุได้ซาวปี"
ยี่ห้อ 0,น.,"เครื่องหมายสำหรับร้านค้าหรือการค้า, ชื่อเสียง (จีน)"
ยี่หุบ 0,น.,ไม้พุ่มชนิดหนึงหนึ่งใบให้ดอกสีขาว
ยึ 0,ว.,"คลาคล่ำ, ยั้วเยี้ย"
ยึ ๆ 0,ว.,"คลาคล่ำ, ยั้วเยี้ย"
ยึก 0,ก.,ยึกไหล่ เช่น ยักไหล่ ใช้แก่คนร่างใหญ่
ยึก ๆ 0,ว.,อาการเคลื่อนไหวหรือดิ้นถี่ ๆ เพื่อให้หลุดออกไป เช่น ปลาติดเบ็ดดิ้นยึก ๆ
ยึกยัก 0,ว.,อาการเคลื่อนไหวหรือดิ้นถี่ ๆ เพื่อให้หลุดออกไป เช่น ปลาติดเบ็ดดิ้นยึก ๆ
ยึกยือ 0,ว.,"ยุ่งเหยิง, หยิก เช่น ผมยาวยึกยือ"
ยึ่ง 0,ว.,"อาการท้องขึ้น, ท้องอืด, ท้องเฟ้อ"
ยึ่ง 1,ว.,"อาการแตกกระจายออกไปพร้อม ๆ กัน เช่น เผิ้งแตกยึ่ง, ยินยึ่งขึ้น"
ยึ่งยั่ง 0,ว.,อาการแย่งกัน เช่น ยาดกันกินยึ่งยั่ง
ยึด 0,ก.,"ถือเอาไว้, เหนี่ยว, รั้ง"
ยึดถือ 0,ก.,"จับถือไว้, นับถือ, ยึดมั่น"
ยึดยัด 0,ว.,อาการเคลื่อนไปช้า ๆ
ยืด 0,ก.,"ทำให้ยาวออกไป, ทำให้นานออกไป"
ยืด 1,น.,ยาว เช่น เว้นไปหลายมันยาวมันยืด
ยืด ๆ 0,ว.,อาการเคลื่อนตามกันไปช้า ๆ
ยืด ๆ 1,ว.,อาการเคลื่อนตามกันไปเป็นหมู่อย่างช้า ๆ (ดู ยียืด)
ยืดยาวคราวเยื้อน 0,ว.,ไกลมาก
ยืน 0,ว.,"นาน, ยาว, ยืด, คงอยู่, เช่น อายุยืน"
ยื่น 0,ก.,"กิริยา หรืออาการที่เหยียด หรือเหลื่อมล้ำออกไป เช่น ยื่นมือออก, ฮิมปากเบื้องเทิงยาวยื่น"
ยื่น 1,ก.,"ส่ง, มอบ"
ยืนยง 0,ก.,คงอยู่นาน
ยุ 0,ก.,กล่าวชักนำให้ทำสิ่งที่ไม่ควรทำ เช่น ยุให้ตีกัน
ยุ 1,ก.,"ยง, เกลี่ยให้กระจาย เช่น ยุเฟือง = ยงฟาง"
ยุก 0,ว.,อาการดิ้นขยิก ๆ
ยุก 1,ว.,"อาการสะเทือน เช่น เฮือนไหวยุก ๆ , อาการชอนไชเข้าไปช้า ๆ เช่น หนอนหม้นยุก"
ยุกกระบัตร 0,น.,"ตำแหน่งข้าราชการสมัยโบราณ ตำแหน่งหนึ่งน ๔ ตำแหน่ง คือ ๑. ผู้ว่าราชการเมือง ๒. ปลัดเมือง ๓. ยกกระบัตรเมือง ๔. ผู้ช่วยราชการเมือง ตำแหน่งทั้ง ๔ นี้ ปรับปรุงมาจากคณะอาญา ๔ คือ เจ้าเมือง, อุปฮาด, ราชวงศ์, ราชบุตร, ยกกระบัตรเมืองเทียบได้กับอัยการจังหวัดขณะนี้"
ยุกยิก 0,ก.,ขยุกขยิก
ยุค 0,น.,"คราว, สมัย; ขียุค = กลียุค"
ยุคล 0,ว.,"คู่, ทั้งสอง"
ยุคลบาท 0,น.,เท้าทั้งสอง
ยุคะ 0,น.,"แอก, คู่, ทั้งสอง (ป.)"
ยุคันต 0,น.,ที่สุดแห่งยุค (ป.)
ยุคันตวาต 0,น.,ลมในที่สุดยุค ลมประลัยกัลป์
ยุคันธร 0,น.,ชื่อภูเขาทิวหนึ่ง ในหมู่เขาสัตตบริภัณฑ์ซึ่งล้อมรอบเขาพระสุเมรุ
ยุ้ง 0,น.,สิ่งที่เป็นเส้นเป็นใย เกาะกันเป็นพืด เป็นกลุ่ม
ยุง 0,น.,ชื่อแมลงขนาดเล็กหลายชนิด ชอบกัดดูดกินเลือดคนและสัตว์
ยุง 1,น.,ไม้ต้นขนาดใหญ่เนื้อแข็ง เนื้อไม้สีแดงคล้ำ = ต้นพะยูง
ยุ้งหมากบวบ 0,น.,รังบวบ
ยุด ๆ 0,ว.,"อาการสะเทือน เช่น เฮือนไหวยุก ๆ , อาการชอนไชเข้าไปช้า ๆ เช่น หนอนหม้นยุก"
ยุดยัด 0,ว.,อาการเคลื่อนไปช้า ๆ
ยุติ 0,ก.,"ชอบ, ถูกต้อง (ป.)"
ยุติ 1,ก.,"จบ, ตกลง, เลิก"
ยุติธรรม 0,น.,"ความชอบธรรม, ความชอบด้วยเหตุผล, ความเที่ยงธรรม"
ยุทธ์ 0,น.,"สงคราม การรบพุ่ง (ป.,ส.)"
ยุทธ 0,น.,"สงคราม การรบพุ่ง (ป.,ส.)"
ยุทธนา 0,น.,"การรบพุ่ง, การสงคราม"
ยุทธภูมิ 0,น.,สนามรบ
ยุทธวิธี 0,น.,วิธีและอุบายของการรบ
ยุทธศาสตร์ 0,น.,วิชาการรบ
ยุน 0,ก.,"ชดเชย, ให้แทน, เฉลี่ย, ถัว"
ยุ้น 0,ก.,"หด, ย่น"
ยุบ 0,น.,ต้นกระทืบยอบ
ยุบ 1,ก.,"ยอบลง, ทรุดลง, ทำให้เตี้ยลง, ลด, ลดลง, เลิก เช่น ยุบตำแหน่ง; หลอมให้ละลาย เช่น ยุบแหวน"
ยุบ ๆ 0,ก.,อาการคันมาก เช่น คันยุบ ๆ
ยุบ ๆ 1,ว.,"อาการสะเทือน, อาการไหว เช่น ตะพานอ่อนยุบ ๆ ใช้สำหรับของใหญ่, ถ้าเป็นของขนาดเล็กว่า ยุบยิบ เช่น เตียงอ่อนยุบยิบ"
ยุบ ๆ 2,ว.,ยั้วเยี้ย เช่น หนอนไต่ยุบ ๆ
ยุบยอบ 0,น.,ต้นกระทืบยอบ
ยุบยอบ 1,น.,ต้นกระทืบยอบ
ยุบยอบ 2,ก.,พูดให้ร้าย เช่น อย่าเว้ายุบยอบเขาหลาย; ทำให้ลดน้อยลง
ยุบยับ 0,ก.,"ย่อยยับ, ยุบแหลกลง"
ยุบยับ 1,ว.,ยั้วเยี้ย เช่น หนอนไต่ยุบ ๆ
ยุบยิบ 0,ว.,"ละเอียดเกินไป, ถี่ถ้วนเกินไป"
ยุบล 0,น.,"ข้อความ, เรื่องราว"
ยุพดี 0,น.,"หญิงรุ่น, หญิงสาว"
ยุพเรศ 0,น.,"(กลอน) นางกษัตริย์, หญิงสาวสวย"
ยุพา 0,น.,หญิงสาว
ยุ่ม 0,ก.,"กรูเข้าหา, ยั้วเยี้ย เช่น มดแดงแตกยุ่ม"
ยุ้ม 0,ก.,"เม้ม, ปิดริม, พับริม เช่น มิ้มปาก, มิ้มผ้า"
ยุ้ม 1,ก.,"กลั้นไว้ เช่น กลั้นหัวเราะ, กลั้นอุจจาระ"
ยุ้ม 2,ก.,"หัวเราะไม่อ้าปาก, อมยิ้ม"
ยุ้ม 3,ก.,"รัด, รัดไว้, ตะล่อมไว้"
ยุ้มปาก 0,ก.,เม้มปาก
ยุ้มเป้ย 0,ก.,ยิ้มเผล่
ยุ้มสบ 0,ก.,เม้มปาก
ยุ่ย 0,ว.,"ยุ่ย, ผุ, กระจาย เช่น ดินยู่ย"
ยุ้ย 0,ว.,อาการเคลื่อนไปไหลไป หรือลอยไปอย่างช้า ๆ เช่น เรือลอยไปยู้ย ๆ
ยุ้ย ๆ 0,ว.,อาการเคลื่อนไปไหลไป หรือลอยไปอย่างช้า ๆ เช่น เรือลอยไปยู้ย ๆ
ยุยง 0,ก.,"ยุให้แรงขึ้น, ยุให้หนักขึ้น"
ยุวา 0,น.,"ชายหนุ่ม, คนหนุ่มคนสาว"
ยุแหย่ 0,ก.,ยุ เช่น ยัวะให้คนตีกัน
ยุแหย่ 1,ก.,ทำให้แตกกัน (ดู ยัวะ)
ยู่ 0,ว.,"ย่น, ยู่ยี่, บุบ, บี้, เช่น คนหน้ายู่, คอหดตู่ยู่"
ยู้ 0,ว.,"ทู่, ไม่คม"
ยู้ 1,ก.,"ผลัก, ดัน"
ยู้ 2,ก.,"ผลัก, ค้ำ หรือจุนให้เคลื่อนไป, เช่น ยู้ประตูเข้าไป"
ยู 0,น.,ไม้กวาด
ยู 1,ว.,"เป็นคำย่อจาก ยูท่าง หมายถึง สะดวกสบาย, เพลิดเพลิน เช่น เข้าน้ำมากยูท่างกิน = มีข้าวปลาอาหารกินอย่างสะดวกสบาย"
ยูง 0,น.,ชื่อแมลงขนาดเล็กหลายชนิด ชอบกัดดูดกินเลือดคนและสัตว์
ยูง 1,น.,นกขนาดใหญ่ชนิดหนึ่ง ขนสวย ฤดูผสมพันธุ์ ตัวผู้จะมีขนหางยาวและมีแวว เมื่อรำแพนจะมีลีลาสวยงามมาก
ยูง 2,น.,ชื่อไม้ต้นชนิดหนึ่ง เนื้อไม้สีแดงคล้ำ ใช้ทำเครื่องเรือน = พะยูง
ยูโด 0,น.,ศิลปะการต่อสู้ป้องกันตัวอย่างหนึ่งของชาวญี่ปุ่น
ยูถะ 0,น.,"ฝูง, หมู่ (ป.,ส.)"
ยูถิกา 0,น.,ต้นพุทธชาด
ยูท่าง 0,ว.,"สะดวกสบาย, เพลิดเพลิน, ตามใจชอบ คำนี้นิยมใช้นำหน้าประโยค หรือคำกริยา เช่น ไพร่ยูท่างค้าข้ายูท่างขาย, ยูท่างเหล้นยูท่างกิน"
ยูปัด 0,น.,ไม้กวาด
ยูย 0,น.,สิ่งที่เป็นเส้นห้อยย้อยลงมา
ยู่ย 0,ว.,"ยุ่ย, ผุ, กระจาย เช่น ดินยู่ย"
ยู้ย 0,ว.,อาการเคลื่อนไปไหลไป หรือลอยไปอย่างช้า ๆ เช่น เรือลอยไปยู้ย ๆ
ยู่ย ๆ 0,ว.,อาการยุ่ย หรือผุพังลงช้า ๆ เช่น ดินพังยุ่ย ๆ
ยู้ย ๆ 0,ว.,อาการเคลื่อนไปไหลไป หรือลอยไปอย่างช้า ๆ เช่น เรือลอยไปยู้ย ๆ
ยูยผม 0,น.,"ปอยผม, ส่วนมากว่า ยอย"
ยูรยาตร 0,ก.,"ยัวรยาตร, เดินไป"
ยู้สาว 0,น.,การละเล่นอย่างหนึ่ง โดยการจับไม้ส้าวคนละข้าง หรือฝ่ายละข้างแล้ว กำลังผลักกันเป็นการประลองกำลังว่าใคร ฝ่ายไหน จะมีกำลังเหนือกว่าและได้ชัยชนะ
ยู้หนุน 0,ก.,"ช่วยเหลือ, อุปถัมภ์, ส่งเสริม"
เย้ 0,ว.,"โย้, เอน, เอียง, เช่น เฮือนเย้ = เรือนโย้"
เยซู 0,น.,ศาสดาของศาสนาคริสต์
เยน 0,ว.,งอน
เยภุยนัย 0,น.,วิธีที่คนส่วนมากใช้
เยภุยสิกา 0,น.,ความเห็นข้างมาก
เย้ย 0,ก.,พูด หรือกระทำให้ได้อาย ให้เจ็บใจ ให้โกรธ
เยอ 0,ว.,เป็นคำลงท้ายแสดงความประสงค์ ความต้องการ ความอ้อนวอนหรือขอร้อง เช่น มาเอฺยอ
เยอ 1,ว.,เป็นคำช่วยกริยา แสดงความหมายตกลง หรือร้องขอ เช่น มาเยอ = มาเถิด
เยอ 2,น.,ชนไทยเผ่าหนึ่งอยู่ในบริเวณจังหวัดศรีสะเกษ
เย่อ 0,ว.,"ใหญ่โต เช่น เย่อเหลือเกิน, กอกอฺยากย่อ = บุหรี่มวนโต"
เย้อ 0,น.,ชื่อคนเผ่าหนึ่งในลาว - อีสาน
เยอรมัน 0,น.,ชนชาติหนึ่งในยุโรป
เยอะ 0,ว.,"มากเหลือหลาย, ถมไป"
เย่า 0,ก.,"จับเขย่า, สั่น, เช่น เย่าบั้ง = เขย่ากระบอก, สั่นติ้ว"
เย้า 0,ว.,"เขียวสด, เขียวอ่อน, เช่น แก้วมรกตเขียวย้ง"
เย้า 1,ก.,ยุ เช่น ยัวะให้คนตีกัน
เยา 0,น.,"ต้นสะบู หรือต้นสะบู่ มี ๓ ชนิด คือ เยาขาว = สะบูดดอกขาว, เยาแดง = สะบูดอกแดง, เยาเลือด = สะบูพุ่มใช้ทำยาแก้จุกเสียด"
เย้า 2,น.,ชนชาวเขาเผ่าหนึ่ง อยู่ในประเทศไทยตอนเหนือ
เยา 1,น.,"หมดกำลัง, เหนื่อยอ่อน, อ่อนปวกเปียก, เช่น ปลาตัวนี้เยา ถ้าใช้นำหน้าคำนามแสดงให้เห็นว่า เยาเพราะสิ่งนั้น เช่น เยาไม้ = หมดกำลังเพราะถูกตีด้วยไม้, เยามือ = หมดกำลังเพราะเอามือจับเล่นมาก"
เย้า 3,ก.,"หยอก, สัพยอก, เช่น เด็กน้อยมันเย้ากัน, ยุ, หนุน, เช่น เย้าให้ตีกัน (ดู ยัวะ)"
เยา 2,ว.,"เบา, อ่อน, น้อย, เช่น ราคาย่อมเยา"
เย้า 4,ว.,"แก่, จัด (สีเขียว) เช่น เขียวเย้า, เขียวเย้า ๆ"
เย้า 5,อุ.,คำแสดงความประหลาดใจ (ดู โย้ว)
เยาว์ 0,ว.,"รุ่นหนุ่ม, รุ่นสาว, อ่อนวัย"
เยาว- 0,ว.,"รุ่นหนุ่ม, รุ่นสาว, อ่อนวัย"
เยาวชน 0,น.,คนหนุ่มคนสาว
เยาวพา 0,น.,หญิงสาวสวย
เยาวพาน 0,น.,ชายหนุ่ม
เยาวพาน 1,ว.,"หนุ่ม, รุ่น"
เยาวมาลย์ 0,น.,หญิงสาวสวย
เยาวยอด 0,ว.,สวยที่สุด
เยาวราช 0,น.,กษัตริย์หนุ่ม
เยาวเรศ 0,น.,"นางกษัตริย์, หญิงสาวสวย"
เยาะ 0,น.,การสะกิ่งไม้ใบไม้ไว้ในน้ำเพื่อล่อปลา
เยาะ 1,ก.,ยุ เช่น ยัวะให้คนตีกัน
เยาะ 2,ก.,"ตำเบา ๆ , โขลกเบา ๆ สำหรับของน้อย (ดู ยัวะ ๑ ก.)"
เยาะ 3,ก.,พูด หรือกระทำให้เจ็บช้ำใจ เช่น มันเว้าเยาะเขา
เยาะเย้ย 0,ก.,พูด หรือกระทำให้ได้อาย ให้เจ็บใจ ให้โกรธ
เยาะเย้ย 1,ก.,พูด หรือกระทำให้ได้อาย ให้เจ็บใจ ให้โกรธ (ดู เย้ย)
เยิก 0,ก.,ส่งเสียงของฝีพาย
เยิง 0,ส.,เรา (ข.)
เยิง 1,ก.,"ยกขึ้นส่อง, ชูส่อง"
เยิ้น 0,ว.,"นาน, เนิ่น, ยาว เช่น ทางเยิ้น"
เยิ้น ๆ 0,ว.,ช้า ๆ เช่น เว้าเยิ้น ๆ
เยินยอ 0,ก.,"ยกยอ, มักพูดเข้าคู่กับคำ สรเสริญ (สรรเสริญ) ว่า สรเสริญเยินยอ"
เยิบ ๆ 0,ว.,"ช้า, ยืดยาด, อืดอาด, เนิบ ๆ , เช่น ย่างเยิบ ๆ"
เยิ้ม 0,ว.,"ลักษณะไหลซึมออกแทบหยดของน้ำ หรือของเหลว เช่น น้ำไหลเยิ้ม, น้ำอ้อยย้วยไหลเยิ้ม"
เยีย 0,น.,"ฉาง, ยุ้ง, เช่น ให้ได้เข้าล้นชื่อเหลือเยีย"
เยี่ย 0,น.,น้ำที่ซึมออกตามขุมขนผิวหนังร่างกาย
เยี่ยง 0,น.,"กลับ, ชิ้น"
เยี่ยง 1,น.,"เยี่ยง, อย่าง เช่น หลายประการทุกเยื่อง"
เยียง 0,น.,"เสียงผา, ส่วนมากว่า เมือง หรือเยียงผา"
เยียง 1,ก.,"ส่อง, ส่องแสง, ส่วนมากว่า เยือง"
เยี่ยงป่า 0,น.,เสียงผา
เยี่ยว 0,น.,น้ำปัสสาวะ
เยี่ยว 1,ก.,ถ่ายปัสสาวะ
เยี่ยวงัว 0,น.,ต้นกะทกรก
เยี่ยววอด 0,น.,นกกินปลาชนิดหนึ่ง ประเภทนกอินทรี
เยี่ยวหมา 0,น.,ต้นไม้ชนิดหนึ่งใช้ทำยาได้
เยียะ 0,ก.,"ทำ, แสดง, เช่น เยียะการเยียะงาน, มึงเยียะไขคำควร กล่างถองเถิงป้า (ฮุ่ง)"
เยือ 0,ก.,"ทน, นาน, อยู่ได้นาน เช่น หันใจเยือ = อึดใจนาน, มุดน้ำเยือ = ดำน้ำทน, ลูกข่างหันเยือ = ลูกข่างหมุนอยู่ได้นาน"
เยือ 1,ว.,"ทน, นาน, อยู่ได้นาน เช่น หันใจเยือ = อึดใจนาน, มุดน้ำเยือ = ดำน้ำทน, ลูกข่างหันเยือ = ลูกข่างหมุนอยู่ได้นาน"
เยื้อ 0,ว.,"ทน, นาน, อยู่ได้นาน เช่น หันใจเยือ = อึดใจนาน, มุดน้ำเยือ = ดำน้ำทน, ลูกข่างหันเยือ = ลูกข่างหมุนอยู่ได้นาน"
เยือก 0,ก.,"เคลื่อนไหว, ไหว เช่น ""น้ำสมุทรก็ขำเขือกเยือกตีฟอง"""
เยือก 1,ว.,เย็นเข้าหัวใจ เช่น อากาศหนาวเยือก
เยือง 0,น.,เสียงผา
เยื่อง 0,น.,"เยี่ยง, อย่าง เช่น หลายประการทุกเยื่อง"
เยื้อง 0,ก.,"เอี้ยวตัว, เบี่ยงตัว"
เยืองผา 0,น.,ชื่อสัตว์เคี้ยวเอื้องรูปร่างคล้ายแพะ ขนสีดำมีต่อมน้ำมันตรงส่วนหน้าของดาทั้ง ๒ ข้าง ชอบอยู่ตามภูเขา
เยืองผา 1,น.,เสียงผา
เยื้อน 0,ก.,"รอ, คอย เช่น ""อุสาห์เยื้อนกินขิง ตางข่า"""
เยื้อน 1,ก.,"ผัดไว้, เลื่อน (เวลา) เช่น ""เยื้อนวาทไว้คองเข้าเผ่าผัว"" (ศิลป์)"
เยื้อน 2,ก.,"เป็นคำช่วยกริยา หรือคำวิเศษณ์แสดงอาการแช่มช้า งดงาม เช่น ""เยื้องถอดค้างตาเบี่ยงบังคิง"" (ศิลป์)"
เยื้อนยาก 0,ว.,"ยากนาน, ลำบาก ช้านาน"
เยื้อนย่าง 0,ก.,เดินช้า ๆ
เยื่อย 0,ก.,"แยกจากกัน, ไม่เกาะติดกัน"
เยื่อย 1,ว.,ลักษณะของที่พังอย่างต่อเนื่อง
เยื้อใย 0,ก.,"เกี่ยวข้องอยู่, เกี่ยวพันอยู่, ผูกพันอยู่"
แย 0,ก.,ยื่น เช่น แยมือ
แย่ 0,ว.,เล่ห์เหลี่ยม
แย้ 0,น.,สัตว์เลื้อยคลานจำพวกหนึ่งคล้ายกิ้งก่า ชอบขุดรูดินอยู่หากินตามพื้นดิน
แย้ 1,น.,หวายชนิดหนึ่ง เถาอ่อนกินได้มีรสขมนิด ๆ
แย้ 2,น.,"เทือกเถาเหล่ากอ, วงศ์วาน"
แย้ 3,น.,"ความจริง, ความเป็นจริง, ตัวจริง"
แยก 0,ก.,"ทำให้ออกจากกัน, ออกจากกัน, แบ่งแตกออกจากกัน เช่น แยกหน่อไม้, แผ่นดินแยก"
แยกกัน 0,ว.,ไม่รวมกันอยู่
แยกย้าย 0,ก.,แยกและย้ายไปคนละทาง
แย้ง 0,ก.,"ขัดกัน, โต้แย้ง, ไม่ลงรอยกัน"
แยง 0,น.,ปลาน้ำจืดชนิดหนึ่ง = ปลาแขยง
แย่ง 0,น.,ผ้าบางตาห่าง เรียกว่า ผ้าแย่ง ผ้าชนิดนี้ใช้ช้อนปลาเล็ก ๆ และกุ้งได้
แยง 1,ก.,"ส่องดู เช่น แยงเงา = ส่องดูเงาตัวเองในน้ำ, แยงคีง = ตรวจดูตัวเอง, แยงทรง = ตรวจดูทรวดทรงตัวเอง แยงเพศ ก็ว่า, แยงแว่น = ส่องกระจก, แยงหน้า = บ่ายหน้าไป"
แย่ง 1,ก.,"ฉวยเอาไปจากคนอื่นโดยพลการ, รีบฉวยหรือรีบทำเสียก่อน"
แยง 2,ก.,"อาการเพริดไปของวัว หรือควายโดยไม่ยอมกินหญ้าอยู่ร่วมฝูงวัวควายที่มีนิสัยอย่างนี้เรียก งัวแยง, ควายแยง"
แยงโค 0,น.,ปลาแขยงชนิดตัวโต
แย่งชิง 0,ก.,"ฉวยเอาไปจากคนอื่นโดยพลการ, รีบฉวยหรือรีบทำเสียก่อน"
แยน 0,ว.,"งอน หรือแอ่นมาก, ใช้สำหรับคนหรือของขนาดใหญ่, ขนาดเล็กว่า แงน"
แย้น 0,ก.,"อยากจัด, กระหายจัด"
แย้ม 0,?,ดู แง้บ
แยะ 0,ก.,"แบะออก, แตกออก, แยกออก (ดู ยะ)"
โย 0,ก.,"ยั่ว, ยั่วยวน, แหย่โกรธ"
โย้ 0,ว.,"โย้, เอน, เอียง, เช่น เฮือนเย้ = เรือนโย้"
โยก 0,ก.,"คลอน, ทำให้คลอน, ไหว, ทำให้ไหว เช่น แข้วโยก"
โยกตร์ 0,น.,"เชือด, สายทาม (ส.)"
โยกย้าย 0,ก.,สับเปลี่ยนไปมา
โยกเยก 0,ก.,"เคลื่อนไหวไปมา, ไหวไปไหวมา"
โยกเย้า 0,ก.,"แค่นได้, ขุดคุ้ย, เช่น ""ติโยกเย้าเอาถ้อยสู่ความ"""
โยค 0,น.,การที่ดาวพระเคราะห์ตั้งแต่สองดวงขึ้นไปมารวมกันในราศีเดียวกัน
โยคเกณฑ์ 0,น.,เกณฑ์กำหนดตามดิถีที่่ประกอบฤกษ์
โยคะ 0,น.,การบำเพ็ญเพียร
โยคาวจระ 0,น.,"ผู้บำเพ็ญเพียร, ผู้มีความเพียรในการปฏิบัติธรรม, นักปฏิบัติธรรม"
โยคี 0,น.,"ผู้ปฏิบัติโยคะ, ฤาษี, ผุ้บำเพ็ญเพียร"
โย่ง 0,ว.,ลักษณะที่สูงเกินควร เมื่อเคลื่อนไหวเห็นเหมือนโยกเยกไปมา เช่น สูงอฺย้ง
โย่ง 1,ว.,ลักษณะที่เบามาก เช่น เบาโย่ง เบาเหวง ลักษณะที่ระเหยไป เช่น เหยโย่ง = ระเหยไปสู่เบื้องบนลักษณะที่บินขึ้นพร้อม ๆ กัน เช่น กาบินโย่ง
โยง 0,ก.,"ผูกสองข้างแขวนไว้เกี่ยวกัน, ติดเนื่องกัน, เช่น ผูกมือโยงไว้ หรือผูกรวม, โยงเถิงกัน = เกี่ยวเนื่องถึงกัน, ผูกโยง = ผูกแต่บนลงมาติดกับสิ่งใดสิ่งหนึ่งไว้"
โยง 1,ก.,"ทำสิ่งที่รวมกันอยู่เป็นกอง หรือเป็นปุยให้ขยายตัวสูงขึ้น = หย่ง, โหย่ง, เช่น โยงเข้า, โยงปอยฝ้าย"
โยง 2,ก.,ทำให้ซุย หรือทำให้ร่วน เช่น โยงดิน = พรวนดิน
โย่ง ๆ 0,ว.,ลักษณะที่มีเสียงดังพร้อม ๆ กัน เช่น พระสวดมนต์โย่ง ๆ
โยชน์ 0,น.,มาตราวัดความยาวโบราณกำหนด ๔๐๐ เส้น เป็น ๑ โยชน์
โยชนะ 0,น.,มาตราวัดความยาวโบราณกำหนด ๔๐๐ เส้น เป็น ๑ โยชน์
โยชนา 0,น.,ชื่อคัมภีร์ภาษาบาลีประเภทหนึ่ง ซึ่งบอกสัมพันธ์ศัพท์บาลีตลอดวิเคราะห์ศัพท์ต่าง ๆ นับเป็นคู่มือการศึกษาคัมภีร์ ภาษาบาลีที่เป็นต้นฉบับ เช่น โยชนาฎีกา อภิธัมมัตถสังคหะ
โยติกา 0,ก.,"ยุติ, จบ, หยุด, เช่น โยติกาไว้ก่อน"
โยถิกา 0,น.,ต้นพุทธชาด
โยทะกา 0,น.,สมอเรือ
โยทะกา 1,น.,ต้นไม้ชนิดหนึ่ง = ต้นคัดเค้า
โยทิกา 0,น.,ต้นไม้ชนิดหนึ่ง = ต้นคัดเค้า
โยธา 0,น.,"พลรบ, ทหาร"
โยธา 1,น.,"งานใช้แรงงานคน, งานก่อสร้าง มีแบกหาม"
โยธิน 0,น.,"พลรบ, ทหาร"
โยธี 0,น.,"พลรบ, ทหาร"
โยน 0,น.,ชาวไทยภาคพายัพ
โยน 1,น.,ขวานชนิดหนึ่ง มีบ้องที่หัว ปิดได้
โยน 2,ก.,ทิ้งไปให้พ้น
โยน 3,ก.,ตีเหวี่ยง เช่น เอาค้อนโยนกลอง
โยนก 0,น.,ชาวไทยภาคพายัพ
โยนเยน 0,ก.,"โอนไปโอนมา, เอนไปเอนมา"
โยนา 0,ก.,"จบ, ยุติ"
โยนิโส 0,ว.,"โดยแยบคาย, โดยถ่องแท้"
โยนิโสมนสิการ 0,น.,การพิจารณาโดยแยบคายโดยถ่องแท้ หรือโดยรอบคอบ
โยนี 0,น.,"ที่เกิด, ต้น, กำเนิด ; อวัยวะเพศของหญิง (ป.,ส.)"
โยพพนะ 0,น.,ความหนุ่มความสาว
โยม 0,น.,คำที่พระสงฆ์เรียกบิดามารดาของตนหรือ เรียกคฤหัสถ์ผู้ใหญ่
โยม 1,ก.,"ยอม, จำนน, ยอมแพ้"
โยมกะวัด 0,น.,คนรับใช้ในวัด
โยมวัด 0,น.,คนรับใช้ในวัด
โย่ย 0,ว.,"ขี้ขลาด, ใจเสาะ"
โย้ว 0,อ.,คำแสดงความแปลกใจ ฉงนหรือไม่พอใจ = เอ๊ะ (ดู เย้า ๔)
โยโส 0,ว.,"อวดดี, จองหอง, หยิ่ง"
โยะ 0,น.,ตำแรง ๆ (ใช้แก่ของมาก) ถ้าตำเบา ๆ (ใช้แก่ของน้อย) ว่าเยาะ
โยะ 1,ก.,"ตำเบา ๆ , โขลกเบา ๆ (ดู ยัวะ ๑ ก.)"
โยะ 2,ว.,"หลวม, หย่อน"
โยะยาน 0,ว.,"ยืดหยุ่น, รู้ผ่อนสั้นผ่อนยาว"
ใย 0,น.,"สิ่งที่เป็นเส้นเล็ก ๆ บาง ๆ เช่น ใยบัว, ใยแมงมุม"
ใย 1,น.,เยื่อชั้นในผลไม้
ใย 2,ก.,"สัพยอก, หยอกเย้า, พูดล้อ, เช่น ผู้บ่าวใยสาว"
ไย่ 0,ว.,อาการวิ่งเร็วสุดฝีเท้า เช่น แล่นไอฺย
ไย่ไย่ 0,ว.,"เป็นแถวเป็นแนว, สลอน, เช่น ไย่ไย่ม้า, ไย่ไย่น้า, ไย่ไย่ย้าย"
